"number","address","city","type"
1050,"2233 SHORELINE DR","ALAMEDA","COURT"
1015,"1320 HARBOR BAY PKWY, SUITE 145","ALAMEDA","OFF BLDG"
1065,"2325 CLEMENT AVENUE, STE B","ALAMEDA","CLINIC"
1030,"1131 HARBOR BAY","ALAMEDA","OFF BLDG"
2010,"1325 PORTLAND AVE","ALBANY","VET. HALL"
"10045","20980 REDWOOD ROAD, STE. 250","CASTRO VALLEY","OFF BLDG"
"10030","20055 REDWOOD RD","CASTRO VALLEY","LIBRARY"
"10035","3600 NORBRIDGE AVE.","CASTRO VALLEY","LIBRARY"
"11155","5151 GLEASON DR","DUBLIN","COURT/OFFICE"
"11145","7600 DUBLIN BLVD, STE 160","DUBLIN","OFF BLDG"
"11020","6289 MADIGAN ROAD","DUBLIN","TRAINING"
"11030","4595 GLEASON AVE.","DUBLIN","ANIMAL SHELTER"
"11040","4985 BRODER BLVD","DUBLIN","OPS CTR"
"11050","4999 GLEASON BLVD","DUBLIN","OFF BLDG"
"11060","5325 BRODER BLVD","DUBLIN","DETENTION"
"11061","5325 BRODER BLVD","DUBLIN","LAND"
"11062","5325 BRODER BLVD","DUBLIN","SHOP"
"11063","5325 BRODER BLVD","DUBLIN","SHOP"
"11064","5325 BRODER BLVD","DUBLIN","DETENTION"
"11065","5325 BRODER BLVD","DUBLIN","DETENTION"
"11066","5325 BRODER BLVD","DUBLIN","DETENTION"
"11067","5325 BRODER BLVD","DUBLIN","DETENTION"
"11068","5325 BRODER BLVD","DUBLIN","DETENTION"
"11069","5325 BRODER BLVD","DUBLIN","DETENTION"
"11070","5325 BRODER BLVD","DUBLIN","DETENTION"
"11071","5325 BRODER BLVD","DUBLIN","DETENTION"
"11072","5325 BRODER BLVD","DUBLIN","DETENTION"
"11073","5325 BRODER BLVD","DUBLIN","DETENTION"
"11074","5325 BRODER BLVD","DUBLIN","DETENTION"
"11075","5325 BRODER BLVD","DUBLIN","DETENTION"
"11076","5325 BRODER BLVD","DUBLIN","DETENTION"
"11077","5325 BRODER BLVD","DUBLIN","DETENTION"
"11078","5325 BRODER BLVD","DUBLIN","DETENTION"
"11079","5325 BRODER BLVD","DUBLIN","DETENTION"
"11080","5325 BRODER BLVD","DUBLIN","DETENTION"
"11081","5325 BRODER BLVD","DUBLIN","DETENTION"
"11083","5325 BRODER BLVD.","DUBLIN","TRAINING"
"11084","5325 BRODER BLVD.","DUBLIN","TRAINING"
"11085","5301 MADIGAN RD","DUBLIN","TRAINING"
"11086","5325 BRODER BLVD.","DUBLIN","TRAINING"
"11087","5325 BRODER BLVD.","DUBLIN","TRAINING"
"11100","6089 MADIGAN ROAD","DUBLIN","SHOP"
"11110","6175 MADIGAN ROAD","DUBLIN","SHOP"
"11115","5390 MADIGAN ROAD","DUBLIN","WAREHOUSE"
"11130","4825 GLEASON ST","DUBLIN","OFF BLDG"
"11150","5149 GLEASON DR.","DUBLIN","OFF BLDG"
"11151","5149 GLEASON DR","DUBLIN","PARKING/GROUNDS AREA"
"12080","39439 PASEO PADRE PWY","FREMONT","OFF BLDG"
"12020","39155 LIBERTY ST.","FREMONT","OFF BLDG"
"12022","39155 LIBERTY STREET","FREMONT","OFF BLDG"
"12090","42875 GATEWOOD STREET","FREMONT","OFF BLDG"
"12010","150 'I' ST","FREMONT","LIBRARY"
"12050","37154 SECOND ST","FREMONT","VET. HALL"
"12100","OFF JARVIS RD","FREMONT","COMM SVC CTR"
"13130","24405 AMADOR ST","HAYWARD","OFF BLDG"
"13010","22225 FOOTHILL BLVD","HAYWARD","OFF BLDG"
"13220","24100 AMADOR STREET","HAYWARD","OFF BLDG"
"13240","24301 SOUTHLAND DRIVE, SUITE 101","HAYWARD","OFF BLDG"
"13030","494 BLOSSOM WAY","HAYWARD","MENTAL HLTH FAC"
"13040","10 MORAN COURT","HAYWARD","SHOP"
"13050","2091 WEST WINTON AVE.","HAYWARD","RECYCLE CTR"
"13060","224 W WINTON AVENUE","HAYWARD","OFF BLDG"
"13070","22737 MAIN ST","HAYWARD","VET. HALL"
"13112","24085 AMADOR ST","HAYWARD","OFF BLDG"
"13120","24360 AMADOR ST","HAYWARD","PARKING STRUCT"
"13150","399 ELMHURST ST","HAYWARD","OFF BLDG"
"13160","WINTN-AMADOR-ELMHURST","HAYWARD","PARKING"
"13170","256-258 WEST 'A' STRE","HAYWARD","HOMELESS SHLTR"
"13181","951 TURNER CT","HAYWARD","OFF BLDG"
"13182","951 TURNER CT","HAYWARD","SHOP"
"13230","409 JACKSON STREET","HAYWARD","OFF BLDG"
"14060","3311 PACIFIC AVE","LIVERMORE","OFF BLDG"
"14030","5584 LA RIBER STREET","LIVERMORE","RECYCLE CTR"
"14050","MINES ROAD","LIVERMORE","COMM SVC CTR"
"14090","3575 GREENVILLE ROAD","LIVERMORE","OFF BLDG"
"14100","522 S L STREET","LIVERMORE","VET. HALL"
4310,"661 WASHINGTON ST","OAKLAND","OFF BLDG"
4010,"7200 BANCROFT AVE, Ste 202","OAKLAND","OFF BLDG"
4012,"7200 BANCROFT AVE, STE 125","OAKLAND","OFF BLDG"
4090,"6955 FOOTHILL BLVD STE 200","OAKLAND","OFF BLDG"
4120,"6955 FOOTHILL AVE Ste. 100","OAKLAND","OFF BLDG"
4121,"6955 FOOTHILL AVE Ste. 300, 37-39","OAKLAND","OFF BLDG"
4141,"2000 EMBARCADERO  Suite 300","OAKLAND","OFF BLDG"
4142,"2000 EMBARCADERO ST 4","OAKLAND","OFF BLDG"
4370,"1000 BROADWAY, 5TH FL","OAKLAND","OFF BLDG"
4535,"675 HEGENBERGER RD","OAKLAND","OFF BLDG"
4540,"7677 OAKPORT","OAKLAND","OFF BLDG"
4542,"7677 OAKPORT ST.","OAKLAND","OFF BLDG"
4645,"386 14TH STREET","OAKLAND","OFF BLDG"
4680,"3600 TELEGRAPH AVE., Ste 100","OAKLAND","OFF BLDG"
4681,"3600 TELEGRAPH AVE STE B","OAKLAND","OFF BLDG"
4700,"312 CLAY STREET","OAKLAND","OFF BLDG"
4738,"2280 SAN PABLO BLVD","OAKLAND","OFF BLDG"
4020,"3408 ANDOVER ST","OAKLAND","HOMELESS SHLTR"
4030,"2100 E. 7TH STREET","OAKLAND","RECYCLE CTR"
4110,"8711A MACARTHUR BLVD","OAKLAND","YOUTH CTR"
4115,"8711B MACARTHUR BLVD","OAKLAND","CLINIC"
4160,"2425 E 12TH ST","OAKLAND","OFF BLDG"
4190,"333 - 5TH ST","OAKLAND","SHOP"
4210,"400 BROADWAY","OAKLAND","OFF BLDG"
4220,"401 BR0ADWAY","OAKLAND","OFF BLDG"
4250,"480 - 4TH ST","OAKLAND","MORGUE"
4260,"499 - 5TH ST","OAKLAND","OFF BLDG"
4280,"550 6TH STREET","OAKLAND","DETENTION"
4290,"585 - 7TH ST","OAKLAND","PARKING STRUCT"
4330,"2530 E 12TH STREET","OAKLAND","PARKING"
4350,"414 - 27TH ST","OAKLAND","PARKING"
4360,"470 - 27TH ST","OAKLAND","OFF BLDG"
4380,"1106 MADISON ST.","OAKLAND","OFF BLDG"
4390,"1221 OAK ST","OAKLAND","OFF BLDG"
4400,"1225 FALLON ST","OAKLAND","COURT"
4410,"125 12TH ST","OAKLAND","OFF BLDG"
4430,"1401 LAKESIDE DRIVE","OAKLAND","OFF BLDG"
4435,"235 12TH ST","OAKLAND","PARKING STRUCT"
4440,"165 - 13TH ST","OAKLAND","PARKING STRUCT"
4490,"2901 PERALTA OAKS CT.","OAKLAND","OFF BLDG"
4491,"2901 PERALTA OAKS CT.","OAKLAND","PARKING"
4544,"7195 OAKPORT STREET","OAKLAND","OFF BLDG"
4546,"7001 OAKPORT STREET","OAKLAND","OFF BLDG"
4547,"7001 OAKPORT STREET","OAKLAND","CAMPUS"
4548,"6775 OAKPORT STREET","OAKLAND","OFF BLDG"
4560,"8477 ENTERPRISE DR","OAKLAND","OFF BLDG"
4570,"8477 ENTERPRISE DR.","OAKLAND","PARKING"
4580,"7751 EDGEWATER DRIVE","OAKLAND","OFF BLDG"
4640,"393 - 13TH STREET","OAKLAND","OFF BLDG"
4690,"1406-1424 FRANKLIN STREET","OAKLAND","PARKING"
4722,"1111 JACKSON STREET","OAKLAND","OFF BLDG"
4730,"8000 CAPWELL DRIVE","OAKLAND","WAREHOUSE"
4735,"2000 SAN PABLO BLVD","OAKLAND","OFF BLDG"
4736,"630 20TH STREET","OAKLAND","PARKING STRUCT"
4590,"1411 E 31ST ST","OAKLAND","HOSPITAL"
"16035","5669 GIBRALTAR DRIVE","PLEASANTON","OFF BLDG"
"16040","3730 HOPYARD RD","PLEASANTON","OFF BLDG"
"16060","5672 STONERIDGE DR","PLEASANTON","OFF BLDG"
"16015","4501 PLEASANTON DRIVE","PLEASANTON","OFF BLDG"
"16020","PLEASANTON & BERNAL","PLEASANTON","LAND"
"17121","16378 E 14TH ST. SUITE 101","SAN LEANDRO","OFF BLDG"
"17235","500 DAVIS ST., BLDG B, STE 120","SAN LEANDRO","OFF BLDG"
"17285","785 MONTAGUE STREET","SAN LEANDRO","OFF BLDG"
"17305","1100 SAN LEANDRO BLVD BLDG A STE 120","SAN LEANDRO","OFF BLDG"
"17310","1000 SAN LEANDRO BLVD.,Bldg C,Ste 100-300","SAN LEANDRO","OFF BLDG"
"10020","2892 FAIRMONT DRIVE","SAN LEANDRO","COMM SVC CTR"
"17010","2300 FAIRMONT DRIVE","SAN LEANDRO","TRAINING"
"17021","2700 FAIRMONT DRIVE","SAN LEANDRO","OFF BLDG"
"17040","1105 BANCROFT AVE","SAN LEANDRO","VET. HALL"
"17080","15001 FOOTHILL BLVD","SAN LEANDRO","OFF BLDG"
"17090","15200 FOOTHILL BLVD","SAN LEANDRO","MENTAL HLTH FAC"
"17100","15800 FOOTHILL BLVD","SAN LEANDRO","WAREHOUSE"
"17115","16335 E. 14TH STREET","SAN LEANDRO","YOUTH CTR"
"17130","2000 - 150TH AVE","SAN LEANDRO","OPS CTR"
"17131","2010 150th AVE","SAN LEANDRO","WAREHOUSE"
"17132","2020 150th AVE","SAN LEANDRO","OFF BLDG"
"17142","2100 FAIRMONT DRIVE","SAN LEANDRO","OFF BLDG"
"17150","2045 FAIRMONT DRIVE","SAN LEANDRO","CLINIC"
"17160","2050 FAIRMONT DRIVE","SAN LEANDRO","MENTAL HLTH FAC"
"17163","2054 FAIRMONT DRIVE","SAN LEANDRO","OFF BLDG"
"17166","2055 FAIRMONT DR. Trailer 1","SAN LEANDRO","OFF BLDG"
"17167","2060 FAIRMONT DR. Trailer 3","SAN LEANDRO","OFF BLDG"
"17171","2130 FAIRMONT DRIVE","SAN LEANDRO","SHOP"
"17172","2130 FAIRMONT DRIVE","SAN LEANDRO","OFF BLDG"
"17180","2150 FAIRMONT DRIVE","SAN LEANDRO","DETENTION"
"17191","2200 FAIRMONT DRIVE","SAN LEANDRO","DETENTION"
"17201","2300 FAIRMONT DRIVE","SAN LEANDRO","TRAINING"
"17202","2300 FAIRMONT DRIVE","SAN LEANDRO","TRAINING"
"17215","2500 FAIRMONT DRIVE","SAN LEANDRO","DETENTION"
"17220","2600 FAIRMONT DRIVE","SAN LEANDRO","DETENTION"
"17270","2035 FAIRMONT DRIVE","SAN LEANDRO","CLINIC"
"17275","FAIRMONT DRIVE","SAN LEANDRO","RESIDENCE"
"17290","15400 FOOTHILL BLVD","SAN LEANDRO","SHOP"
"17291","15430 FOOTHILL BLVD","SAN LEANDRO","MENTAL HLTH FAC"
"17295","15480 FOOTHILL BLVD","SAN LEANDRO","CLINIC"
"17300","15750 FOOTHILL BLVD","SAN LEANDRO","OFF BLDG"
"17240","2060 FAIRMONT DRIVE","SAN LEANDRO","MENTAL HLTH FAC"
"17241","2060 FAIRMONT DRIVE","SAN LEANDRO","Court"
"17250","15400 FOOTHILL BLVD","SAN LEANDRO","HOSPITAL"
"18040","15903 HESPERIAN BLVD","SAN LORENZO","OFF BLDG"
"18010","HESPERIAN BLVD","SAN LORENZO","CEMETARY"
"18020","395 PASEO GRANDE","SAN LORENZO","LIBRARY"
"19010","SUNOL RIDGE","SUNOL","COMM SVC CTR"
